{
    "encoding": "UTF-8",
    "algorithm": "sha256",
    "data": [
        {
            "checksum": "b2b6badd12c84f3a858b2f16f9883cf1966a953285fd730a38af34bcc1e71438",
            "path": "data/erlang-intro-en.pdf"
        },
        {
            "checksum": "f62af399822f6971f99ab3cc6f743fe1a65abb79cfe4c98acce35786b8aafac8",
            "path": "data/erlang-conc-en.pdf"
        },
        {
            "checksum": "c0dfd5373be221c6404e784d455a80dc1d8c0bc2294bb725c68f9f3596556d32",
            "path": "data/01-even.pdf"
        }
    ]
}